contract_version,lesson_id,image_id,source_ref,resolved_path,resolution_status,referenced_from_section_ids,visual_type,contains_numbers,contains_code,contains_chart,contains_platform_config,extracted_values_ref,technical_reading_ref,doctrine_relevance,requires_human_review,notes
sersan_image_evidence_index_v0_1,sersan_practice_08_orb,sersan_practice_08_orb_img_0001,../02_workshops/18-practice-08/img/107.png,00_CTO/99_REFERENCE_LIBRARY/SersanSistemas/02_workshops/18-practice-08/img/107.png,resolved_direct,sersan_practice_08_orb_sec_0002,platform_settings,true,false,false,true,image_evidence_notes/sersan_practice_08_orb_img_0001.md,image_evidence_notes/sersan_practice_08_orb_img_0001.md,medium,true,automated contextual image reading; numeric OCR not performed
sersan_image_evidence_index_v0_1,sersan_practice_08_orb,sersan_practice_08_orb_img_0002,../02_workshops/18-practice-08/img/000.png,00_CTO/99_REFERENCE_LIBRARY/SersanSistemas/02_workshops/18-practice-08/img/000.png,resolved_direct,sersan_practice_08_orb_sec_0003,optimization_map,true,false,true,false,image_evidence_notes/sersan_practice_08_orb_img_0002.md,image_evidence_notes/sersan_practice_08_orb_img_0002.md,critical,true,automated contextual image reading; numeric OCR not performed
sersan_image_evidence_index_v0_1,sersan_practice_08_orb,sersan_practice_08_orb_img_0003,../02_workshops/18-practice-08/img/002.png,00_CTO/99_REFERENCE_LIBRARY/SersanSistemas/02_workshops/18-practice-08/img/002.png,resolved_direct,sersan_practice_08_orb_sec_0003,optimization_map,true,false,true,false,image_evidence_notes/sersan_practice_08_orb_img_0003.md,image_evidence_notes/sersan_practice_08_orb_img_0003.md,critical,true,automated contextual image reading; numeric OCR not performed
sersan_image_evidence_index_v0_1,sersan_practice_08_orb,sersan_practice_08_orb_img_0004,../02_workshops/18-practice-08/img/003.png,00_CTO/99_REFERENCE_LIBRARY/SersanSistemas/02_workshops/18-practice-08/img/003.png,resolved_direct,sersan_practice_08_orb_sec_0003,optimization_map,true,false,true,false,image_evidence_notes/sersan_practice_08_orb_img_0004.md,image_evidence_notes/sersan_practice_08_orb_img_0004.md,critical,true,automated contextual image reading; numeric OCR not performed
sersan_image_evidence_index_v0_1,sersan_practice_08_orb,sersan_practice_08_orb_img_0005,../02_workshops/18-practice-08/img/004.png,00_CTO/99_REFERENCE_LIBRARY/SersanSistemas/02_workshops/18-practice-08/img/004.png,resolved_direct,sersan_practice_08_orb_sec_0003,optimization_map,true,false,true,false,image_evidence_notes/sersan_practice_08_orb_img_0005.md,image_evidence_notes/sersan_practice_08_orb_img_0005.md,critical,true,automated contextual image reading; numeric OCR not performed
sersan_image_evidence_index_v0_1,sersan_practice_08_orb,sersan_practice_08_orb_img_0006,../02_workshops/18-practice-08/img/005.png,00_CTO/99_REFERENCE_LIBRARY/SersanSistemas/02_workshops/18-practice-08/img/005.png,resolved_direct,sersan_practice_08_orb_sec_0003,optimization_map,true,false,true,false,image_evidence_notes/sersan_practice_08_orb_img_0006.md,image_evidence_notes/sersan_practice_08_orb_img_0006.md,critical,true,automated contextual image reading; numeric OCR not performed
sersan_image_evidence_index_v0_1,sersan_practice_08_orb,sersan_practice_08_orb_img_0007,../02_workshops/18-practice-08/img/006.png,00_CTO/99_REFERENCE_LIBRARY/SersanSistemas/02_workshops/18-practice-08/img/006.png,resolved_direct,sersan_practice_08_orb_sec_0003,optimization_map,true,false,true,false,image_evidence_notes/sersan_practice_08_orb_img_0007.md,image_evidence_notes/sersan_practice_08_orb_img_0007.md,critical,true,automated contextual image reading; numeric OCR not performed
sersan_image_evidence_index_v0_1,sersan_practice_08_orb,sersan_practice_08_orb_img_0008,../02_workshops/18-practice-08/img/007.png,00_CTO/99_REFERENCE_LIBRARY/SersanSistemas/02_workshops/18-practice-08/img/007.png,resolved_direct,sersan_practice_08_orb_sec_0003,optimization_map,true,false,true,false,image_evidence_notes/sersan_practice_08_orb_img_0008.md,image_evidence_notes/sersan_practice_08_orb_img_0008.md,critical,true,automated contextual image reading; numeric OCR not performed
sersan_image_evidence_index_v0_1,sersan_practice_08_orb,sersan_practice_08_orb_img_0009,../02_workshops/18-practice-08/img/008.png,00_CTO/99_REFERENCE_LIBRARY/SersanSistemas/02_workshops/18-practice-08/img/008.png,resolved_direct,sersan_practice_08_orb_sec_0003,optimization_map,true,false,true,false,image_evidence_notes/sersan_practice_08_orb_img_0009.md,image_evidence_notes/sersan_practice_08_orb_img_0009.md,critical,true,automated contextual image reading; numeric OCR not performed
sersan_image_evidence_index_v0_1,sersan_practice_08_orb,sersan_practice_08_orb_img_0010,../02_workshops/18-practice-08/img/011.png,00_CTO/99_REFERENCE_LIBRARY/SersanSistemas/02_workshops/18-practice-08/img/011.png,resolved_direct,sersan_practice_08_orb_sec_0003,optimization_map,true,false,true,false,image_evidence_notes/sersan_practice_08_orb_img_0010.md,image_evidence_notes/sersan_practice_08_orb_img_0010.md,critical,true,automated contextual image reading; numeric OCR not performed
sersan_image_evidence_index_v0_1,sersan_practice_08_orb,sersan_practice_08_orb_img_0011,../02_workshops/18-practice-08/img/009.png,00_CTO/99_REFERENCE_LIBRARY/SersanSistemas/02_workshops/18-practice-08/img/009.png,resolved_direct,sersan_practice_08_orb_sec_0003,optimization_map,true,false,true,false,image_evidence_notes/sersan_practice_08_orb_img_0011.md,image_evidence_notes/sersan_practice_08_orb_img_0011.md,critical,true,automated contextual image reading; numeric OCR not performed
sersan_image_evidence_index_v0_1,sersan_practice_08_orb,sersan_practice_08_orb_img_0012,../02_workshops/18-practice-08/img/010.png,00_CTO/99_REFERENCE_LIBRARY/SersanSistemas/02_workshops/18-practice-08/img/010.png,resolved_direct,sersan_practice_08_orb_sec_0003,optimization_map,true,false,true,false,image_evidence_notes/sersan_practice_08_orb_img_0012.md,image_evidence_notes/sersan_practice_08_orb_img_0012.md,critical,true,automated contextual image reading; numeric OCR not performed
sersan_image_evidence_index_v0_1,sersan_practice_08_orb,sersan_practice_08_orb_img_0013,../02_workshops/18-practice-08/img/014.png,00_CTO/99_REFERENCE_LIBRARY/SersanSistemas/02_workshops/18-practice-08/img/014.png,resolved_direct,sersan_practice_08_orb_sec_0003,optimization_map,true,false,true,false,image_evidence_notes/sersan_practice_08_orb_img_0013.md,image_evidence_notes/sersan_practice_08_orb_img_0013.md,critical,true,automated contextual image reading; numeric OCR not performed
sersan_image_evidence_index_v0_1,sersan_practice_08_orb,sersan_practice_08_orb_img_0014,../02_workshops/18-practice-08/img/015.png,00_CTO/99_REFERENCE_LIBRARY/SersanSistemas/02_workshops/18-practice-08/img/015.png,resolved_direct,sersan_practice_08_orb_sec_0003,optimization_map,true,false,true,false,image_evidence_notes/sersan_practice_08_orb_img_0014.md,image_evidence_notes/sersan_practice_08_orb_img_0014.md,critical,true,automated contextual image reading; numeric OCR not performed
sersan_image_evidence_index_v0_1,sersan_practice_08_orb,sersan_practice_08_orb_img_0015,../02_workshops/18-practice-08/img/016.png,00_CTO/99_REFERENCE_LIBRARY/SersanSistemas/02_workshops/18-practice-08/img/016.png,resolved_direct,sersan_practice_08_orb_sec_0003,optimization_map,true,false,true,false,image_evidence_notes/sersan_practice_08_orb_img_0015.md,image_evidence_notes/sersan_practice_08_orb_img_0015.md,critical,true,automated contextual image reading; numeric OCR not performed
sersan_image_evidence_index_v0_1,sersan_practice_08_orb,sersan_practice_08_orb_img_0016,../02_workshops/18-practice-08/img/017.png,00_CTO/99_REFERENCE_LIBRARY/SersanSistemas/02_workshops/18-practice-08/img/017.png,resolved_direct,sersan_practice_08_orb_sec_0003,optimization_map,true,false,true,false,image_evidence_notes/sersan_practice_08_orb_img_0016.md,image_evidence_notes/sersan_practice_08_orb_img_0016.md,critical,true,automated contextual image reading; numeric OCR not performed
sersan_image_evidence_index_v0_1,sersan_practice_08_orb,sersan_practice_08_orb_img_0017,../02_workshops/18-practice-08/img/018.png,00_CTO/99_REFERENCE_LIBRARY/SersanSistemas/02_workshops/18-practice-08/img/018.png,resolved_direct,sersan_practice_08_orb_sec_0003,optimization_map,true,false,true,false,image_evidence_notes/sersan_practice_08_orb_img_0017.md,image_evidence_notes/sersan_practice_08_orb_img_0017.md,critical,true,automated contextual image reading; numeric OCR not performed
sersan_image_evidence_index_v0_1,sersan_practice_08_orb,sersan_practice_08_orb_img_0018,../02_workshops/18-practice-08/img/019.png,00_CTO/99_REFERENCE_LIBRARY/SersanSistemas/02_workshops/18-practice-08/img/019.png,resolved_direct,sersan_practice_08_orb_sec_0003,optimization_map,true,false,true,false,image_evidence_notes/sersan_practice_08_orb_img_0018.md,image_evidence_notes/sersan_practice_08_orb_img_0018.md,critical,true,automated contextual image reading; numeric OCR not performed
sersan_image_evidence_index_v0_1,sersan_practice_08_orb,sersan_practice_08_orb_img_0019,../02_workshops/18-practice-08/img/020.png,00_CTO/99_REFERENCE_LIBRARY/SersanSistemas/02_workshops/18-practice-08/img/020.png,resolved_direct,sersan_practice_08_orb_sec_0003,optimization_map,true,false,true,false,image_evidence_notes/sersan_practice_08_orb_img_0019.md,image_evidence_notes/sersan_practice_08_orb_img_0019.md,critical,true,automated contextual image reading; numeric OCR not performed
sersan_image_evidence_index_v0_1,sersan_practice_08_orb,sersan_practice_08_orb_img_0020,../02_workshops/18-practice-08/img/022.png,00_CTO/99_REFERENCE_LIBRARY/SersanSistemas/02_workshops/18-practice-08/img/022.png,resolved_direct,sersan_practice_08_orb_sec_0003,optimization_map,true,false,true,false,image_evidence_notes/sersan_practice_08_orb_img_0020.md,image_evidence_notes/sersan_practice_08_orb_img_0020.md,critical,true,automated contextual image reading; numeric OCR not performed
sersan_image_evidence_index_v0_1,sersan_practice_08_orb,sersan_practice_08_orb_img_0021,../02_workshops/18-practice-08/img/023.png,00_CTO/99_REFERENCE_LIBRARY/SersanSistemas/02_workshops/18-practice-08/img/023.png,resolved_direct,sersan_practice_08_orb_sec_0003,optimization_map,true,false,true,false,image_evidence_notes/sersan_practice_08_orb_img_0021.md,image_evidence_notes/sersan_practice_08_orb_img_0021.md,critical,true,automated contextual image reading; numeric OCR not performed
sersan_image_evidence_index_v0_1,sersan_practice_08_orb,sersan_practice_08_orb_img_0022,../02_workshops/18-practice-08/img/024.png,00_CTO/99_REFERENCE_LIBRARY/SersanSistemas/02_workshops/18-practice-08/img/024.png,resolved_direct,sersan_practice_08_orb_sec_0004,optimization_map,true,false,true,false,image_evidence_notes/sersan_practice_08_orb_img_0022.md,image_evidence_notes/sersan_practice_08_orb_img_0022.md,high,true,automated contextual image reading; numeric OCR not performed
sersan_image_evidence_index_v0_1,sersan_practice_08_orb,sersan_practice_08_orb_img_0023,../02_workshops/18-practice-08/img/025.png,00_CTO/99_REFERENCE_LIBRARY/SersanSistemas/02_workshops/18-practice-08/img/025.png,resolved_direct,sersan_practice_08_orb_sec_0004,optimization_map,true,false,true,false,image_evidence_notes/sersan_practice_08_orb_img_0023.md,image_evidence_notes/sersan_practice_08_orb_img_0023.md,high,true,automated contextual image reading; numeric OCR not performed
sersan_image_evidence_index_v0_1,sersan_practice_08_orb,sersan_practice_08_orb_img_0024,../02_workshops/18-practice-08/img/026.png,00_CTO/99_REFERENCE_LIBRARY/SersanSistemas/02_workshops/18-practice-08/img/026.png,resolved_direct,sersan_practice_08_orb_sec_0004,optimization_map,true,false,true,false,image_evidence_notes/sersan_practice_08_orb_img_0024.md,image_evidence_notes/sersan_practice_08_orb_img_0024.md,high,true,automated contextual image reading; numeric OCR not performed
sersan_image_evidence_index_v0_1,sersan_practice_08_orb,sersan_practice_08_orb_img_0025,../02_workshops/18-practice-08/img/027.png,00_CTO/99_REFERENCE_LIBRARY/SersanSistemas/02_workshops/18-practice-08/img/027.png,resolved_direct,sersan_practice_08_orb_sec_0004,optimization_map,true,false,true,false,image_evidence_notes/sersan_practice_08_orb_img_0025.md,image_evidence_notes/sersan_practice_08_orb_img_0025.md,high,true,automated contextual image reading; numeric OCR not performed
sersan_image_evidence_index_v0_1,sersan_practice_08_orb,sersan_practice_08_orb_img_0026,../02_workshops/18-practice-08/img/028.png,00_CTO/99_REFERENCE_LIBRARY/SersanSistemas/02_workshops/18-practice-08/img/028.png,resolved_direct,sersan_practice_08_orb_sec_0004,optimization_map,true,false,true,false,image_evidence_notes/sersan_practice_08_orb_img_0026.md,image_evidence_notes/sersan_practice_08_orb_img_0026.md,high,true,automated contextual image reading; numeric OCR not performed
sersan_image_evidence_index_v0_1,sersan_practice_08_orb,sersan_practice_08_orb_img_0027,../02_workshops/18-practice-08/img/029.png,00_CTO/99_REFERENCE_LIBRARY/SersanSistemas/02_workshops/18-practice-08/img/029.png,resolved_direct,sersan_practice_08_orb_sec_0004,optimization_map,true,false,true,false,image_evidence_notes/sersan_practice_08_orb_img_0027.md,image_evidence_notes/sersan_practice_08_orb_img_0027.md,high,true,automated contextual image reading; numeric OCR not performed
sersan_image_evidence_index_v0_1,sersan_practice_08_orb,sersan_practice_08_orb_img_0028,../02_workshops/18-practice-08/img/030.png,00_CTO/99_REFERENCE_LIBRARY/SersanSistemas/02_workshops/18-practice-08/img/030.png,resolved_direct,sersan_practice_08_orb_sec_0005,platform_settings,true,false,false,true,image_evidence_notes/sersan_practice_08_orb_img_0028.md,image_evidence_notes/sersan_practice_08_orb_img_0028.md,medium,true,automated contextual image reading; numeric OCR not performed
sersan_image_evidence_index_v0_1,sersan_practice_08_orb,sersan_practice_08_orb_img_0029,../02_workshops/18-practice-08/img/031.png,00_CTO/99_REFERENCE_LIBRARY/SersanSistemas/02_workshops/18-practice-08/img/031.png,resolved_direct,sersan_practice_08_orb_sec_0006,optimization_map,true,false,true,false,image_evidence_notes/sersan_practice_08_orb_img_0029.md,image_evidence_notes/sersan_practice_08_orb_img_0029.md,high,true,automated contextual image reading; numeric OCR not performed
sersan_image_evidence_index_v0_1,sersan_practice_08_orb,sersan_practice_08_orb_img_0030,../02_workshops/18-practice-08/img/033.png,00_CTO/99_REFERENCE_LIBRARY/SersanSistemas/02_workshops/18-practice-08/img/033.png,resolved_direct,sersan_practice_08_orb_sec_0006,optimization_map,true,false,true,false,image_evidence_notes/sersan_practice_08_orb_img_0030.md,image_evidence_notes/sersan_practice_08_orb_img_0030.md,high,true,automated contextual image reading; numeric OCR not performed
sersan_image_evidence_index_v0_1,sersan_practice_08_orb,sersan_practice_08_orb_img_0031,../02_workshops/18-practice-08/img/037.png,00_CTO/99_REFERENCE_LIBRARY/SersanSistemas/02_workshops/18-practice-08/img/037.png,resolved_direct,sersan_practice_08_orb_sec_0006,optimization_map,true,false,true,false,image_evidence_notes/sersan_practice_08_orb_img_0031.md,image_evidence_notes/sersan_practice_08_orb_img_0031.md,high,true,automated contextual image reading; numeric OCR not performed
sersan_image_evidence_index_v0_1,sersan_practice_08_orb,sersan_practice_08_orb_img_0032,../02_workshops/18-practice-08/img/034.png,00_CTO/99_REFERENCE_LIBRARY/SersanSistemas/02_workshops/18-practice-08/img/034.png,resolved_direct,sersan_practice_08_orb_sec_0006,optimization_map,true,false,true,false,image_evidence_notes/sersan_practice_08_orb_img_0032.md,image_evidence_notes/sersan_practice_08_orb_img_0032.md,high,true,automated contextual image reading; numeric OCR not performed
sersan_image_evidence_index_v0_1,sersan_practice_08_orb,sersan_practice_08_orb_img_0033,../02_workshops/18-practice-08/img/035.png,00_CTO/99_REFERENCE_LIBRARY/SersanSistemas/02_workshops/18-practice-08/img/035.png,resolved_direct,sersan_practice_08_orb_sec_0007,unknown,true,false,false,false,image_evidence_notes/sersan_practice_08_orb_img_0033.md,image_evidence_notes/sersan_practice_08_orb_img_0033.md,low,false,automated contextual image reading; numeric OCR not performed
sersan_image_evidence_index_v0_1,sersan_practice_08_orb,sersan_practice_08_orb_img_0034,../02_workshops/18-practice-08/img/036.png,00_CTO/99_REFERENCE_LIBRARY/SersanSistemas/02_workshops/18-practice-08/img/036.png,resolved_direct,sersan_practice_08_orb_sec_0008,unknown,true,false,false,false,image_evidence_notes/sersan_practice_08_orb_img_0034.md,image_evidence_notes/sersan_practice_08_orb_img_0034.md,low,false,automated contextual image reading; numeric OCR not performed
sersan_image_evidence_index_v0_1,sersan_practice_08_orb,sersan_practice_08_orb_img_0035,../02_workshops/18-practice-08/img/037.png,00_CTO/99_REFERENCE_LIBRARY/SersanSistemas/02_workshops/18-practice-08/img/037.png,resolved_direct,sersan_practice_08_orb_sec_0008,unknown,true,false,false,false,image_evidence_notes/sersan_practice_08_orb_img_0035.md,image_evidence_notes/sersan_practice_08_orb_img_0035.md,low,false,automated contextual image reading; numeric OCR not performed
sersan_image_evidence_index_v0_1,sersan_practice_08_orb,sersan_practice_08_orb_img_0036,../02_workshops/18-practice-08/img/038.png,00_CTO/99_REFERENCE_LIBRARY/SersanSistemas/02_workshops/18-practice-08/img/038.png,resolved_direct,sersan_practice_08_orb_sec_0009,drawdown_curve,true,false,true,false,image_evidence_notes/sersan_practice_08_orb_img_0036.md,image_evidence_notes/sersan_practice_08_orb_img_0036.md,high,true,automated contextual image reading; numeric OCR not performed
sersan_image_evidence_index_v0_1,sersan_practice_08_orb,sersan_practice_08_orb_img_0037,../02_workshops/18-practice-08/img/039.png,00_CTO/99_REFERENCE_LIBRARY/SersanSistemas/02_workshops/18-practice-08/img/039.png,resolved_direct,sersan_practice_08_orb_sec_0009,drawdown_curve,true,false,true,false,image_evidence_notes/sersan_practice_08_orb_img_0037.md,image_evidence_notes/sersan_practice_08_orb_img_0037.md,high,true,automated contextual image reading; numeric OCR not performed
sersan_image_evidence_index_v0_1,sersan_practice_08_orb,sersan_practice_08_orb_img_0038,../02_workshops/18-practice-08/img/040.png,00_CTO/99_REFERENCE_LIBRARY/SersanSistemas/02_workshops/18-practice-08/img/040.png,resolved_direct,sersan_practice_08_orb_sec_0009,drawdown_curve,true,false,true,false,image_evidence_notes/sersan_practice_08_orb_img_0038.md,image_evidence_notes/sersan_practice_08_orb_img_0038.md,high,true,automated contextual image reading; numeric OCR not performed
sersan_image_evidence_index_v0_1,sersan_practice_08_orb,sersan_practice_08_orb_img_0039,../02_workshops/18-practice-08/img/041.png,00_CTO/99_REFERENCE_LIBRARY/SersanSistemas/02_workshops/18-practice-08/img/041.png,resolved_direct,sersan_practice_08_orb_sec_0009,drawdown_curve,true,false,true,false,image_evidence_notes/sersan_practice_08_orb_img_0039.md,image_evidence_notes/sersan_practice_08_orb_img_0039.md,high,true,automated contextual image reading; numeric OCR not performed
sersan_image_evidence_index_v0_1,sersan_practice_08_orb,sersan_practice_08_orb_img_0040,../02_workshops/18-practice-08/img/042.png,00_CTO/99_REFERENCE_LIBRARY/SersanSistemas/02_workshops/18-practice-08/img/042.png,resolved_direct,sersan_practice_08_orb_sec_0009,drawdown_curve,true,false,true,false,image_evidence_notes/sersan_practice_08_orb_img_0040.md,image_evidence_notes/sersan_practice_08_orb_img_0040.md,high,true,automated contextual image reading; numeric OCR not performed
sersan_image_evidence_index_v0_1,sersan_practice_08_orb,sersan_practice_08_orb_img_0041,../02_workshops/18-practice-08/img/043.png,00_CTO/99_REFERENCE_LIBRARY/SersanSistemas/02_workshops/18-practice-08/img/043.png,resolved_direct,sersan_practice_08_orb_sec_0009,drawdown_curve,true,false,true,false,image_evidence_notes/sersan_practice_08_orb_img_0041.md,image_evidence_notes/sersan_practice_08_orb_img_0041.md,high,true,automated contextual image reading; numeric OCR not performed
sersan_image_evidence_index_v0_1,sersan_practice_08_orb,sersan_practice_08_orb_img_0042,../02_workshops/18-practice-08/img/044.png,00_CTO/99_REFERENCE_LIBRARY/SersanSistemas/02_workshops/18-practice-08/img/044.png,resolved_direct,sersan_practice_08_orb_sec_0009,drawdown_curve,true,false,true,false,image_evidence_notes/sersan_practice_08_orb_img_0042.md,image_evidence_notes/sersan_practice_08_orb_img_0042.md,high,true,automated contextual image reading; numeric OCR not performed
sersan_image_evidence_index_v0_1,sersan_practice_08_orb,sersan_practice_08_orb_img_0043,../02_workshops/18-practice-08/img/045.png,00_CTO/99_REFERENCE_LIBRARY/SersanSistemas/02_workshops/18-practice-08/img/045.png,resolved_direct,sersan_practice_08_orb_sec_0009,drawdown_curve,true,false,true,false,image_evidence_notes/sersan_practice_08_orb_img_0043.md,image_evidence_notes/sersan_practice_08_orb_img_0043.md,high,true,automated contextual image reading; numeric OCR not performed
sersan_image_evidence_index_v0_1,sersan_practice_08_orb,sersan_practice_08_orb_img_0044,../02_workshops/18-practice-08/img/046.png,00_CTO/99_REFERENCE_LIBRARY/SersanSistemas/02_workshops/18-practice-08/img/046.png,resolved_direct,sersan_practice_08_orb_sec_0009,drawdown_curve,true,false,true,false,image_evidence_notes/sersan_practice_08_orb_img_0044.md,image_evidence_notes/sersan_practice_08_orb_img_0044.md,high,true,automated contextual image reading; numeric OCR not performed
sersan_image_evidence_index_v0_1,sersan_practice_08_orb,sersan_practice_08_orb_img_0045,../02_workshops/18-practice-08/img/047.png,00_CTO/99_REFERENCE_LIBRARY/SersanSistemas/02_workshops/18-practice-08/img/047.png,resolved_direct,sersan_practice_08_orb_sec_0009,drawdown_curve,true,false,true,false,image_evidence_notes/sersan_practice_08_orb_img_0045.md,image_evidence_notes/sersan_practice_08_orb_img_0045.md,high,true,automated contextual image reading; numeric OCR not performed
sersan_image_evidence_index_v0_1,sersan_practice_08_orb,sersan_practice_08_orb_img_0046,../02_workshops/18-practice-08/img/048.png,00_CTO/99_REFERENCE_LIBRARY/SersanSistemas/02_workshops/18-practice-08/img/048.png,resolved_direct,sersan_practice_08_orb_sec_0009,drawdown_curve,true,false,true,false,image_evidence_notes/sersan_practice_08_orb_img_0046.md,image_evidence_notes/sersan_practice_08_orb_img_0046.md,high,true,automated contextual image reading; numeric OCR not performed
sersan_image_evidence_index_v0_1,sersan_practice_08_orb,sersan_practice_08_orb_img_0047,../02_workshops/18-practice-08/img/049.png,00_CTO/99_REFERENCE_LIBRARY/SersanSistemas/02_workshops/18-practice-08/img/049.png,resolved_direct,sersan_practice_08_orb_sec_0010,excel_parameter_grid,true,false,false,false,image_evidence_notes/sersan_practice_08_orb_img_0047.md,image_evidence_notes/sersan_practice_08_orb_img_0047.md,high,true,automated contextual image reading; numeric OCR not performed
sersan_image_evidence_index_v0_1,sersan_practice_08_orb,sersan_practice_08_orb_img_0048,../02_workshops/18-practice-08/img/050.png,00_CTO/99_REFERENCE_LIBRARY/SersanSistemas/02_workshops/18-practice-08/img/050.png,resolved_direct,sersan_practice_08_orb_sec_0010,excel_parameter_grid,true,false,false,false,image_evidence_notes/sersan_practice_08_orb_img_0048.md,image_evidence_notes/sersan_practice_08_orb_img_0048.md,high,true,automated contextual image reading; numeric OCR not performed
sersan_image_evidence_index_v0_1,sersan_practice_08_orb,sersan_practice_08_orb_img_0049,../02_workshops/18-practice-08/img/052.png,00_CTO/99_REFERENCE_LIBRARY/SersanSistemas/02_workshops/18-practice-08/img/052.png,resolved_direct,sersan_practice_08_orb_sec_0010,excel_parameter_grid,true,false,false,false,image_evidence_notes/sersan_practice_08_orb_img_0049.md,image_evidence_notes/sersan_practice_08_orb_img_0049.md,high,true,automated contextual image reading; numeric OCR not performed
sersan_image_evidence_index_v0_1,sersan_practice_08_orb,sersan_practice_08_orb_img_0050,../02_workshops/18-practice-08/img/054.png,00_CTO/99_REFERENCE_LIBRARY/SersanSistemas/02_workshops/18-practice-08/img/054.png,resolved_direct,sersan_practice_08_orb_sec_0011,drawdown_curve,true,false,true,false,image_evidence_notes/sersan_practice_08_orb_img_0050.md,image_evidence_notes/sersan_practice_08_orb_img_0050.md,high,true,automated contextual image reading; numeric OCR not performed
sersan_image_evidence_index_v0_1,sersan_practice_08_orb,sersan_practice_08_orb_img_0051,../02_workshops/18-practice-08/img/055.png,00_CTO/99_REFERENCE_LIBRARY/SersanSistemas/02_workshops/18-practice-08/img/055.png,resolved_direct,sersan_practice_08_orb_sec_0011,drawdown_curve,true,false,true,false,image_evidence_notes/sersan_practice_08_orb_img_0051.md,image_evidence_notes/sersan_practice_08_orb_img_0051.md,high,true,automated contextual image reading; numeric OCR not performed
sersan_image_evidence_index_v0_1,sersan_practice_08_orb,sersan_practice_08_orb_img_0052,../02_workshops/18-practice-08/img/056.png,00_CTO/99_REFERENCE_LIBRARY/SersanSistemas/02_workshops/18-practice-08/img/056.png,resolved_direct,sersan_practice_08_orb_sec_0012,platform_settings,true,false,false,true,image_evidence_notes/sersan_practice_08_orb_img_0052.md,image_evidence_notes/sersan_practice_08_orb_img_0052.md,medium,true,automated contextual image reading; numeric OCR not performed
sersan_image_evidence_index_v0_1,sersan_practice_08_orb,sersan_practice_08_orb_img_0053,../02_workshops/18-practice-08/img/059.png,00_CTO/99_REFERENCE_LIBRARY/SersanSistemas/02_workshops/18-practice-08/img/059.png,resolved_direct,sersan_practice_08_orb_sec_0012,platform_settings,true,false,false,true,image_evidence_notes/sersan_practice_08_orb_img_0053.md,image_evidence_notes/sersan_practice_08_orb_img_0053.md,medium,true,automated contextual image reading; numeric OCR not performed
sersan_image_evidence_index_v0_1,sersan_practice_08_orb,sersan_practice_08_orb_img_0054,../02_workshops/18-practice-08/img/060.png,00_CTO/99_REFERENCE_LIBRARY/SersanSistemas/02_workshops/18-practice-08/img/060.png,resolved_direct,sersan_practice_08_orb_sec_0012,platform_settings,true,false,false,true,image_evidence_notes/sersan_practice_08_orb_img_0054.md,image_evidence_notes/sersan_practice_08_orb_img_0054.md,medium,true,automated contextual image reading; numeric OCR not performed
sersan_image_evidence_index_v0_1,sersan_practice_08_orb,sersan_practice_08_orb_img_0055,../02_workshops/18-practice-08/img/057.png,00_CTO/99_REFERENCE_LIBRARY/SersanSistemas/02_workshops/18-practice-08/img/057.png,resolved_direct,sersan_practice_08_orb_sec_0012,platform_settings,true,false,false,true,image_evidence_notes/sersan_practice_08_orb_img_0055.md,image_evidence_notes/sersan_practice_08_orb_img_0055.md,medium,true,automated contextual image reading; numeric OCR not performed
sersan_image_evidence_index_v0_1,sersan_practice_08_orb,sersan_practice_08_orb_img_0056,../02_workshops/18-practice-08/img/061.png,00_CTO/99_REFERENCE_LIBRARY/SersanSistemas/02_workshops/18-practice-08/img/061.png,resolved_direct,sersan_practice_08_orb_sec_0013,platform_settings,true,false,false,true,image_evidence_notes/sersan_practice_08_orb_img_0056.md,image_evidence_notes/sersan_practice_08_orb_img_0056.md,medium,true,automated contextual image reading; numeric OCR not performed
sersan_image_evidence_index_v0_1,sersan_practice_08_orb,sersan_practice_08_orb_img_0057,../02_workshops/18-practice-08/img/062.png,00_CTO/99_REFERENCE_LIBRARY/SersanSistemas/02_workshops/18-practice-08/img/062.png,resolved_direct,sersan_practice_08_orb_sec_0013,platform_settings,true,false,false,true,image_evidence_notes/sersan_practice_08_orb_img_0057.md,image_evidence_notes/sersan_practice_08_orb_img_0057.md,medium,true,automated contextual image reading; numeric OCR not performed
sersan_image_evidence_index_v0_1,sersan_practice_08_orb,sersan_practice_08_orb_img_0058,../02_workshops/18-practice-08/img/063.png,00_CTO/99_REFERENCE_LIBRARY/SersanSistemas/02_workshops/18-practice-08/img/063.png,resolved_direct,sersan_practice_08_orb_sec_0014,drawdown_curve,true,false,true,false,image_evidence_notes/sersan_practice_08_orb_img_0058.md,image_evidence_notes/sersan_practice_08_orb_img_0058.md,high,true,automated contextual image reading; numeric OCR not performed
sersan_image_evidence_index_v0_1,sersan_practice_08_orb,sersan_practice_08_orb_img_0059,../02_workshops/18-practice-08/img/064.png,00_CTO/99_REFERENCE_LIBRARY/SersanSistemas/02_workshops/18-practice-08/img/064.png,resolved_direct,sersan_practice_08_orb_sec_0015,code_screenshot,true,true,false,true,image_evidence_notes/sersan_practice_08_orb_img_0059.md,image_evidence_notes/sersan_practice_08_orb_img_0059.md,critical,true,automated contextual image reading; numeric OCR not performed
sersan_image_evidence_index_v0_1,sersan_practice_08_orb,sersan_practice_08_orb_img_0060,../02_workshops/18-practice-08/img/065.png,00_CTO/99_REFERENCE_LIBRARY/SersanSistemas/02_workshops/18-practice-08/img/065.png,resolved_direct,sersan_practice_08_orb_sec_0015,code_screenshot,true,true,false,true,image_evidence_notes/sersan_practice_08_orb_img_0060.md,image_evidence_notes/sersan_practice_08_orb_img_0060.md,critical,true,automated contextual image reading; numeric OCR not performed
sersan_image_evidence_index_v0_1,sersan_practice_08_orb,sersan_practice_08_orb_img_0061,../02_workshops/18-practice-08/img/066.png,00_CTO/99_REFERENCE_LIBRARY/SersanSistemas/02_workshops/18-practice-08/img/066.png,resolved_direct,sersan_practice_08_orb_sec_0015,code_screenshot,true,true,false,true,image_evidence_notes/sersan_practice_08_orb_img_0061.md,image_evidence_notes/sersan_practice_08_orb_img_0061.md,critical,true,automated contextual image reading; numeric OCR not performed
sersan_image_evidence_index_v0_1,sersan_practice_08_orb,sersan_practice_08_orb_img_0062,../02_workshops/18-practice-08/img/068.png,00_CTO/99_REFERENCE_LIBRARY/SersanSistemas/02_workshops/18-practice-08/img/068.png,resolved_direct,sersan_practice_08_orb_sec_0015,code_screenshot,true,true,false,true,image_evidence_notes/sersan_practice_08_orb_img_0062.md,image_evidence_notes/sersan_practice_08_orb_img_0062.md,critical,true,automated contextual image reading; numeric OCR not performed
sersan_image_evidence_index_v0_1,sersan_practice_08_orb,sersan_practice_08_orb_img_0063,../02_workshops/18-practice-08/img/069.png,00_CTO/99_REFERENCE_LIBRARY/SersanSistemas/02_workshops/18-practice-08/img/069.png,resolved_direct,sersan_practice_08_orb_sec_0016,optimization_map,true,false,true,false,image_evidence_notes/sersan_practice_08_orb_img_0063.md,image_evidence_notes/sersan_practice_08_orb_img_0063.md,critical,true,automated contextual image reading; numeric OCR not performed
sersan_image_evidence_index_v0_1,sersan_practice_08_orb,sersan_practice_08_orb_img_0064,../02_workshops/18-practice-08/img/070.png,00_CTO/99_REFERENCE_LIBRARY/SersanSistemas/02_workshops/18-practice-08/img/070.png,resolved_direct,sersan_practice_08_orb_sec_0016,optimization_map,true,false,true,false,image_evidence_notes/sersan_practice_08_orb_img_0064.md,image_evidence_notes/sersan_practice_08_orb_img_0064.md,critical,true,automated contextual image reading; numeric OCR not performed
sersan_image_evidence_index_v0_1,sersan_practice_08_orb,sersan_practice_08_orb_img_0065,../02_workshops/18-practice-08/img/071.png,00_CTO/99_REFERENCE_LIBRARY/SersanSistemas/02_workshops/18-practice-08/img/071.png,resolved_direct,sersan_practice_08_orb_sec_0016,optimization_map,true,false,true,false,image_evidence_notes/sersan_practice_08_orb_img_0065.md,image_evidence_notes/sersan_practice_08_orb_img_0065.md,critical,true,automated contextual image reading; numeric OCR not performed
sersan_image_evidence_index_v0_1,sersan_practice_08_orb,sersan_practice_08_orb_img_0066,../02_workshops/18-practice-08/img/074.png,00_CTO/99_REFERENCE_LIBRARY/SersanSistemas/02_workshops/18-practice-08/img/074.png,resolved_direct,sersan_practice_08_orb_sec_0016,optimization_map,true,false,true,false,image_evidence_notes/sersan_practice_08_orb_img_0066.md,image_evidence_notes/sersan_practice_08_orb_img_0066.md,critical,true,automated contextual image reading; numeric OCR not performed
sersan_image_evidence_index_v0_1,sersan_practice_08_orb,sersan_practice_08_orb_img_0067,../02_workshops/18-practice-08/img/075.png,00_CTO/99_REFERENCE_LIBRARY/SersanSistemas/02_workshops/18-practice-08/img/075.png,resolved_direct,sersan_practice_08_orb_sec_0016,optimization_map,true,false,true,false,image_evidence_notes/sersan_practice_08_orb_img_0067.md,image_evidence_notes/sersan_practice_08_orb_img_0067.md,critical,true,automated contextual image reading; numeric OCR not performed
sersan_image_evidence_index_v0_1,sersan_practice_08_orb,sersan_practice_08_orb_img_0068,../02_workshops/18-practice-08/img/077.png,00_CTO/99_REFERENCE_LIBRARY/SersanSistemas/02_workshops/18-practice-08/img/077.png,resolved_direct,sersan_practice_08_orb_sec_0016,optimization_map,true,false,true,false,image_evidence_notes/sersan_practice_08_orb_img_0068.md,image_evidence_notes/sersan_practice_08_orb_img_0068.md,critical,true,automated contextual image reading; numeric OCR not performed
sersan_image_evidence_index_v0_1,sersan_practice_08_orb,sersan_practice_08_orb_img_0069,../02_workshops/18-practice-08/img/078.png,00_CTO/99_REFERENCE_LIBRARY/SersanSistemas/02_workshops/18-practice-08/img/078.png,resolved_direct,sersan_practice_08_orb_sec_0016,optimization_map,true,false,true,false,image_evidence_notes/sersan_practice_08_orb_img_0069.md,image_evidence_notes/sersan_practice_08_orb_img_0069.md,critical,true,automated contextual image reading; numeric OCR not performed
sersan_image_evidence_index_v0_1,sersan_practice_08_orb,sersan_practice_08_orb_img_0070,../02_workshops/18-practice-08/img/079.png,00_CTO/99_REFERENCE_LIBRARY/SersanSistemas/02_workshops/18-practice-08/img/079.png,resolved_direct,sersan_practice_08_orb_sec_0016,optimization_map,true,false,true,false,image_evidence_notes/sersan_practice_08_orb_img_0070.md,image_evidence_notes/sersan_practice_08_orb_img_0070.md,critical,true,automated contextual image reading; numeric OCR not performed
sersan_image_evidence_index_v0_1,sersan_practice_08_orb,sersan_practice_08_orb_img_0071,../02_workshops/18-practice-08/img/080.png,00_CTO/99_REFERENCE_LIBRARY/SersanSistemas/02_workshops/18-practice-08/img/080.png,resolved_direct,sersan_practice_08_orb_sec_0016,optimization_map,true,false,true,false,image_evidence_notes/sersan_practice_08_orb_img_0071.md,image_evidence_notes/sersan_practice_08_orb_img_0071.md,critical,true,automated contextual image reading; numeric OCR not performed
sersan_image_evidence_index_v0_1,sersan_practice_08_orb,sersan_practice_08_orb_img_0072,../02_workshops/18-practice-08/img/081.png,00_CTO/99_REFERENCE_LIBRARY/SersanSistemas/02_workshops/18-practice-08/img/081.png,resolved_direct,sersan_practice_08_orb_sec_0016,optimization_map,true,false,true,false,image_evidence_notes/sersan_practice_08_orb_img_0072.md,image_evidence_notes/sersan_practice_08_orb_img_0072.md,critical,true,automated contextual image reading; numeric OCR not performed
sersan_image_evidence_index_v0_1,sersan_practice_08_orb,sersan_practice_08_orb_img_0073,../02_workshops/18-practice-08/img/082.png,00_CTO/99_REFERENCE_LIBRARY/SersanSistemas/02_workshops/18-practice-08/img/082.png,resolved_direct,sersan_practice_08_orb_sec_0017,optimization_map,true,false,true,false,image_evidence_notes/sersan_practice_08_orb_img_0073.md,image_evidence_notes/sersan_practice_08_orb_img_0073.md,critical,true,automated contextual image reading; numeric OCR not performed
sersan_image_evidence_index_v0_1,sersan_practice_08_orb,sersan_practice_08_orb_img_0074,../02_workshops/18-practice-08/img/083.png,00_CTO/99_REFERENCE_LIBRARY/SersanSistemas/02_workshops/18-practice-08/img/083.png,resolved_direct,sersan_practice_08_orb_sec_0017,optimization_map,true,false,true,false,image_evidence_notes/sersan_practice_08_orb_img_0074.md,image_evidence_notes/sersan_practice_08_orb_img_0074.md,critical,true,automated contextual image reading; numeric OCR not performed
sersan_image_evidence_index_v0_1,sersan_practice_08_orb,sersan_practice_08_orb_img_0075,../02_workshops/18-practice-08/img/084.png,00_CTO/99_REFERENCE_LIBRARY/SersanSistemas/02_workshops/18-practice-08/img/084.png,resolved_direct,sersan_practice_08_orb_sec_0017,optimization_map,true,false,true,false,image_evidence_notes/sersan_practice_08_orb_img_0075.md,image_evidence_notes/sersan_practice_08_orb_img_0075.md,critical,true,automated contextual image reading; numeric OCR not performed
sersan_image_evidence_index_v0_1,sersan_practice_08_orb,sersan_practice_08_orb_img_0076,../02_workshops/18-practice-08/img/085.png,00_CTO/99_REFERENCE_LIBRARY/SersanSistemas/02_workshops/18-practice-08/img/085.png,resolved_direct,sersan_practice_08_orb_sec_0017,optimization_map,true,false,true,false,image_evidence_notes/sersan_practice_08_orb_img_0076.md,image_evidence_notes/sersan_practice_08_orb_img_0076.md,critical,true,automated contextual image reading; numeric OCR not performed
sersan_image_evidence_index_v0_1,sersan_practice_08_orb,sersan_practice_08_orb_img_0077,../02_workshops/18-practice-08/img/086.png,00_CTO/99_REFERENCE_LIBRARY/SersanSistemas/02_workshops/18-practice-08/img/086.png,resolved_direct,sersan_practice_08_orb_sec_0017,optimization_map,true,false,true,false,image_evidence_notes/sersan_practice_08_orb_img_0077.md,image_evidence_notes/sersan_practice_08_orb_img_0077.md,critical,true,automated contextual image reading; numeric OCR not performed
sersan_image_evidence_index_v0_1,sersan_practice_08_orb,sersan_practice_08_orb_img_0078,../02_workshops/18-practice-08/img/087.png,00_CTO/99_REFERENCE_LIBRARY/SersanSistemas/02_workshops/18-practice-08/img/087.png,resolved_direct,sersan_practice_08_orb_sec_0017,optimization_map,true,false,true,false,image_evidence_notes/sersan_practice_08_orb_img_0078.md,image_evidence_notes/sersan_practice_08_orb_img_0078.md,critical,true,automated contextual image reading; numeric OCR not performed
sersan_image_evidence_index_v0_1,sersan_practice_08_orb,sersan_practice_08_orb_img_0079,../02_workshops/18-practice-08/img/088.png,00_CTO/99_REFERENCE_LIBRARY/SersanSistemas/02_workshops/18-practice-08/img/088.png,resolved_direct,sersan_practice_08_orb_sec_0017,optimization_map,true,false,true,false,image_evidence_notes/sersan_practice_08_orb_img_0079.md,image_evidence_notes/sersan_practice_08_orb_img_0079.md,critical,true,automated contextual image reading; numeric OCR not performed
sersan_image_evidence_index_v0_1,sersan_practice_08_orb,sersan_practice_08_orb_img_0080,../02_workshops/18-practice-08/img/089.png,00_CTO/99_REFERENCE_LIBRARY/SersanSistemas/02_workshops/18-practice-08/img/089.png,resolved_direct,sersan_practice_08_orb_sec_0017,optimization_map,true,false,true,false,image_evidence_notes/sersan_practice_08_orb_img_0080.md,image_evidence_notes/sersan_practice_08_orb_img_0080.md,critical,true,automated contextual image reading; numeric OCR not performed
sersan_image_evidence_index_v0_1,sersan_practice_08_orb,sersan_practice_08_orb_img_0081,../02_workshops/18-practice-08/img/090.png,00_CTO/99_REFERENCE_LIBRARY/SersanSistemas/02_workshops/18-practice-08/img/090.png,resolved_direct,sersan_practice_08_orb_sec_0017,optimization_map,true,false,true,false,image_evidence_notes/sersan_practice_08_orb_img_0081.md,image_evidence_notes/sersan_practice_08_orb_img_0081.md,critical,true,automated contextual image reading; numeric OCR not performed
sersan_image_evidence_index_v0_1,sersan_practice_08_orb,sersan_practice_08_orb_img_0082,../02_workshops/18-practice-08/img/091.png,00_CTO/99_REFERENCE_LIBRARY/SersanSistemas/02_workshops/18-practice-08/img/091.png,resolved_direct,sersan_practice_08_orb_sec_0017,optimization_map,true,false,true,false,image_evidence_notes/sersan_practice_08_orb_img_0082.md,image_evidence_notes/sersan_practice_08_orb_img_0082.md,critical,true,automated contextual image reading; numeric OCR not performed
sersan_image_evidence_index_v0_1,sersan_practice_08_orb,sersan_practice_08_orb_img_0083,../02_workshops/18-practice-08/img/092.png,00_CTO/99_REFERENCE_LIBRARY/SersanSistemas/02_workshops/18-practice-08/img/092.png,resolved_direct,sersan_practice_08_orb_sec_0017,optimization_map,true,false,true,false,image_evidence_notes/sersan_practice_08_orb_img_0083.md,image_evidence_notes/sersan_practice_08_orb_img_0083.md,critical,true,automated contextual image reading; numeric OCR not performed
sersan_image_evidence_index_v0_1,sersan_practice_08_orb,sersan_practice_08_orb_img_0084,../02_workshops/18-practice-08/img/093.png,00_CTO/99_REFERENCE_LIBRARY/SersanSistemas/02_workshops/18-practice-08/img/093.png,resolved_direct,sersan_practice_08_orb_sec_0017,optimization_map,true,false,true,false,image_evidence_notes/sersan_practice_08_orb_img_0084.md,image_evidence_notes/sersan_practice_08_orb_img_0084.md,critical,true,automated contextual image reading; numeric OCR not performed
sersan_image_evidence_index_v0_1,sersan_practice_08_orb,sersan_practice_08_orb_img_0085,../02_workshops/18-practice-08/img/094.png,00_CTO/99_REFERENCE_LIBRARY/SersanSistemas/02_workshops/18-practice-08/img/094.png,resolved_direct,sersan_practice_08_orb_sec_0017,optimization_map,true,false,true,false,image_evidence_notes/sersan_practice_08_orb_img_0085.md,image_evidence_notes/sersan_practice_08_orb_img_0085.md,critical,true,automated contextual image reading; numeric OCR not performed
sersan_image_evidence_index_v0_1,sersan_practice_08_orb,sersan_practice_08_orb_img_0086,../02_workshops/18-practice-08/img/095.png,00_CTO/99_REFERENCE_LIBRARY/SersanSistemas/02_workshops/18-practice-08/img/095.png,resolved_direct,sersan_practice_08_orb_sec_0017,optimization_map,true,false,true,false,image_evidence_notes/sersan_practice_08_orb_img_0086.md,image_evidence_notes/sersan_practice_08_orb_img_0086.md,critical,true,automated contextual image reading; numeric OCR not performed
sersan_image_evidence_index_v0_1,sersan_practice_08_orb,sersan_practice_08_orb_img_0087,../02_workshops/18-practice-08/img/096.png,00_CTO/99_REFERENCE_LIBRARY/SersanSistemas/02_workshops/18-practice-08/img/096.png,resolved_direct,sersan_practice_08_orb_sec_0017,optimization_map,true,false,true,false,image_evidence_notes/sersan_practice_08_orb_img_0087.md,image_evidence_notes/sersan_practice_08_orb_img_0087.md,critical,true,automated contextual image reading; numeric OCR not performed
sersan_image_evidence_index_v0_1,sersan_practice_08_orb,sersan_practice_08_orb_img_0088,../02_workshops/18-practice-08/img/097.png,00_CTO/99_REFERENCE_LIBRARY/SersanSistemas/02_workshops/18-practice-08/img/097.png,resolved_direct,sersan_practice_08_orb_sec_0017,optimization_map,true,false,true,false,image_evidence_notes/sersan_practice_08_orb_img_0088.md,image_evidence_notes/sersan_practice_08_orb_img_0088.md,critical,true,automated contextual image reading; numeric OCR not performed
sersan_image_evidence_index_v0_1,sersan_practice_08_orb,sersan_practice_08_orb_img_0089,../02_workshops/18-practice-08/img/100.png,00_CTO/99_REFERENCE_LIBRARY/SersanSistemas/02_workshops/18-practice-08/img/100.png,resolved_direct,sersan_practice_08_orb_sec_0017,optimization_map,true,false,true,false,image_evidence_notes/sersan_practice_08_orb_img_0089.md,image_evidence_notes/sersan_practice_08_orb_img_0089.md,critical,true,automated contextual image reading; numeric OCR not performed
sersan_image_evidence_index_v0_1,sersan_practice_08_orb,sersan_practice_08_orb_img_0090,../02_workshops/18-practice-08/img/103.png,00_CTO/99_REFERENCE_LIBRARY/SersanSistemas/02_workshops/18-practice-08/img/103.png,resolved_direct,sersan_practice_08_orb_sec_0017,optimization_map,true,false,true,false,image_evidence_notes/sersan_practice_08_orb_img_0090.md,image_evidence_notes/sersan_practice_08_orb_img_0090.md,critical,true,automated contextual image reading; numeric OCR not performed
sersan_image_evidence_index_v0_1,sersan_practice_08_orb,sersan_practice_08_orb_img_0091,../02_workshops/18-practice-08/img/104.png,00_CTO/99_REFERENCE_LIBRARY/SersanSistemas/02_workshops/18-practice-08/img/104.png,resolved_direct,sersan_practice_08_orb_sec_0017,optimization_map,true,false,true,false,image_evidence_notes/sersan_practice_08_orb_img_0091.md,image_evidence_notes/sersan_practice_08_orb_img_0091.md,critical,true,automated contextual image reading; numeric OCR not performed
sersan_image_evidence_index_v0_1,sersan_practice_08_orb,sersan_practice_08_orb_img_0092,../02_workshops/18-practice-08/img/105.png,00_CTO/99_REFERENCE_LIBRARY/SersanSistemas/02_workshops/18-practice-08/img/105.png,resolved_direct,sersan_practice_08_orb_sec_0017,optimization_map,true,false,true,false,image_evidence_notes/sersan_practice_08_orb_img_0092.md,image_evidence_notes/sersan_practice_08_orb_img_0092.md,critical,true,automated contextual image reading; numeric OCR not performed
sersan_image_evidence_index_v0_1,sersan_practice_08_orb,sersan_practice_08_orb_img_0093,../02_workshops/18-practice-08/img/106.png,00_CTO/99_REFERENCE_LIBRARY/SersanSistemas/02_workshops/18-practice-08/img/106.png,resolved_direct,sersan_practice_08_orb_sec_0017,optimization_map,true,false,true,false,image_evidence_notes/sersan_practice_08_orb_img_0093.md,image_evidence_notes/sersan_practice_08_orb_img_0093.md,critical,true,automated contextual image reading; numeric OCR not performed
sersan_image_evidence_index_v0_1,sersan_practice_08_orb,sersan_practice_08_orb_img_0094,../02_workshops/18-practice-08/img/101.png,00_CTO/99_REFERENCE_LIBRARY/SersanSistemas/02_workshops/18-practice-08/img/101.png,resolved_direct,sersan_practice_08_orb_sec_0018,drawdown_curve,true,false,true,false,image_evidence_notes/sersan_practice_08_orb_img_0094.md,image_evidence_notes/sersan_practice_08_orb_img_0094.md,high,true,automated contextual image reading; numeric OCR not performed
sersan_image_evidence_index_v0_1,sersan_practice_08_orb,sersan_practice_08_orb_img_0095,../02_workshops/18-practice-08/img/102.png,00_CTO/99_REFERENCE_LIBRARY/SersanSistemas/02_workshops/18-practice-08/img/102.png,resolved_direct,sersan_practice_08_orb_sec_0018,drawdown_curve,true,false,true,false,image_evidence_notes/sersan_practice_08_orb_img_0095.md,image_evidence_notes/sersan_practice_08_orb_img_0095.md,high,true,automated contextual image reading; numeric OCR not performed
